[{"model": "admin.logentry", "pk": 1,
 "fields": {"action_time": "2025-11-27T05:03:33.315Z", "user": 1, "content_type": 7, "object_id": "1", "object_repr": "Category object (1)", "action_flag": 1, "change_message": "[{\"added\": {}}]"}}, {"model": "admin.logentry", "pk": 2, "fields": {"action_time": "2025-11-27T05:03:38.867Z", "user": 1, "content_type": 7, "object_id": "2", "object_repr": "Category object (2)", "action_flag": 1, "change_message": "[{\"added\": {}}]"}}, {"model": "admin.logentry", "pk": 3, "fields": {"action_time": "2025-11-27T05:03:45.757Z", "user": 1, "content_type": 7, "object_id": "3", "object_repr": "Category object (3)", "action_flag": 1, "change_message": "[{\"added\": {}}]"}}, {"model": "admin.logentry", "pk": 4, "fields": {"action_time": "2025-11-27T05:03:54.270Z", "user": 1, "content_type": 7, "object_id": "4", "object_repr": "Category object (4)", "action_flag": 1, "change_message": "[{\"added\": {}}]"}}, {"model": "admin.logentry", "pk": 5, "fields": {"action_time": "2025-11-27T05:40:29.707Z", "user": 1, "content_type": 8, "object_id": "1", "object_repr": "Banana", "action_flag": 1, "change_message": "[{\"added\": {}}]"}}, {"model": "admin.logentry", "pk": 6, "fields": {"action_time": "2025-11-27T05:41:08.888Z", "user": 1, "content_type": 8, "object_id": "2", "object_repr": "nuts", "action_flag": 1, "change_message": "[{\"added\": {}}]"}}, {"model": "admin.logentry", "pk": 7, "fields": {"action_time": "2025-11-27T05:41:49.474Z", "user": 1, "content_type": 8, "object_id": "3", "object_repr": "sandvich", "action_flag": 1, "change_message": "[{\"added\": {}}]"}}, {"model": "admin.logentry", "pk": 8, "fields": {"action_time": "2025-11-27T05:58:03.253Z", "user": 1, "content_type": 9, "object_id": "1", "object_repr": "Review about Banana", "action_flag": 1, "change_message": "[{\"added\": {}}]"}}, {"model": "admin.logentry", "pk": 9, "fields": {"action_time": "2025-11-27T05:58:44.559Z", "user": 1, "content_type": 9, "object_id": "2", "object_repr": "Review about sandvich", "action_flag": 1, "change_message": "[{\"added\": {}}]"}}, {"model": "admin.logentry", "pk": 10, "fields": {"action_time": "2025-11-30T15:52:48.622Z", "user": 2, "content_type": 9, "object_id": "3", "object_repr": "Review about Banana", "action_flag": 1, "change_message": "[{\"added\": {}}]"}}, {"model": "admin.logentry", "pk": 11, "fields": {"action_time": "2025-11-30T15:53:03.317Z", "user": 2, "content_type": 9, "object_id": "4", "object_repr": "Review about sandvich", "action_flag": 1, "change_message": "[{\"added\": {}}]"}}, {"model": "admin.logentry", "pk": 12, "fields": {"action_time": "2025-11-30T15:53:13.336Z", "user": 2, "content_type": 9, "object_id": "5", "object_repr": "Review about sandvich", "action_flag": 1, "change_message": "[{\"added\": {}}]"}}, {"model": "admin.logentry", "pk": 13, "fields": {"action_time": "2025-11-30T15:53:24.830Z", "user": 2, "content_type": 9, "object_id": "6", "object_repr": "Review about nuts", "action_flag": 1, "change_message": "[{\"added\": {}}]"}}, {"model": "admin.logentry", "pk": 14, "fields": {"action_time": "2025-11-30T16:05:14.691Z", "user": 2, "content_type": 9, "object_id": "7", "object_repr": "Review about sandvich", "action_flag": 1, "change_message": "[{\"added\": {}}]"}}, {"model": "admin.logentry", "pk": 15, "fields": {"action_time": "2025-11-30T17:01:25.735Z", "user": 2, "content_type": 8, "object_id": "4", "object_repr": "sss", "action_flag": 1, "change_message": "[{\"added\": {}}]"}}, {"model": "admin.logentry", "pk": 16, "fields": {"action_time": "2025-11-30T17:01:36.539Z", "user": 2, "content_type": 8, "object_id": "5", "object_repr": "sdada", "action_flag": 1, "change_message": "[{\"added\": {}}]"}}, {"model": "admin.logentry", "pk": 17, "fields": {"action_time": "2025-11-30T17:01:45.713Z", "user": 2, "content_type": 8, "object_id": "6", "object_repr": "a", "action_flag": 1, "change_message": "[{\"added\": {}}]"}}, {"model": "admin.logentry", "pk": 18, "fields": {"action_time": "2025-12-08T18:06:40.730Z", "user": 2, "content_type": 8, "object_id": "10", "object_repr": "pear", "action_flag": 1, "change_message": "[{\"added\": {}}]"}}, {"model": "admin.logentry", "pk": 19, "fields": {"action_time": "2025-12-08T18:06:48.430Z", "user": 2, "content_type": 8, "object_id": "4", "object_repr": "pineapple", "action_flag": 2, "change_message": "[{\"changed\": {\"fields\": [\"Category\"]}}]"}}, {"model": "admin.logentry", "pk": 20, "fields": {"action_time": "2025-12-08T18:23:57.321Z", "user": 2, "content_type": 8, "object_id": "10", "object_repr": "pear", "action_flag": 2, "change_message": "[{\"changed\": {\"fields\": [\"Category\"]}}]"}}, {"model": "admin.logentry", "pk": 21, "fields": {"action_time": "2025-12-08T18:23:57.324Z", "user": 2, "content_type": 8, "object_id": "9", "object_repr": "Apple", "action_flag": 2, "change_message": "[{\"changed\": {\"fields\": [\"Category\"]}}]"}}, {"model": "admin.logentry", "pk": 22, "fields": {"action_time": "2025-12-08T18:23:57.327Z", "user": 2, "content_type": 8, "object_id": "6", "object_repr": "a", "action_flag": 2, "change_message": "[{\"changed\": {\"fields\": [\"Category\"]}}]"}}, {"model": "admin.logentry", "pk": 23, "fields": {"action_time": "2025-12-13T05:36:31.146Z", "user": 2, "content_type": 12, "object_id": "1", "object_repr": "john: 123123", "action_flag": 1, "change_message": "[{\"added\": {}}]"}}, {"model": "auth.user", "pk": 1, "fields": {"password": "pbkdf2_sha256$1000000$XArLD2cCEQ5l7esOWZ4eVb$js2ff5W40oHf3aXYXPfquGb+UcASD709Z79BzgCN8rU=", "last_login": "2025-11-27T05:02:22.156Z", "is_superuser": true, "username": "user", "first_name": "", "last_name": "", "email": "", "is_staff": true, "is_active": true, "date_joined": "2025-11-27T05:01:57.925Z", "groups": [], "user_permissions": []}}, {"model": "auth.user", "pk": 2, "fields": {"password": "pbkdf2_sha256$1000000$cMnDUh8SUv88pGIO9pprpH$HiUEOCtAu9ma4qaptI1cEq2EsCWri69Ab5JMmPIGq/k=", "last_login": "2025-12-08T18:05:58.444Z", "is_superuser": true, "username": "reuse", "first_name": "", "last_name": "", "email": "", "is_staff": true, "is_active": true, "date_joined": "2025-11-30T15:52:07.018Z", "groups": [], "user_permissions": []}}, {"model": "auth.user", "pk": 9, "fields": {"password": "pbkdf2_sha256$1000000$YJFinJbqF82wfWjJOn1YQj$Qn1NAHMQC8r5wg4/xbE8G5HVNG02eNWnFxL67pQlo1w=", "last_login": null, "is_superuser": false, "username": "iogan", "first_name": "", "last_name": "", "email": "", "is_staff": false, "is_active": true, "date_joined": "2025-12-13T11:58:51.158Z", "groups": [], "user_permissions": []}}, {"model": "auth.user", "pk": 10, "fields": {"password": "pbkdf2_sha256$1000000$5zTJCuf9vtF8Odo7xGnHxW$OGvYU0jT38CfCmyn3Dg0rR51MNoja+btT89xzVxDXfg=", "last_login": null, "is_superuser": false, "username": "iogan shmith", "first_name": "", "last_name": "", "email": "", "is_staff": false, "is_active": true, "date_joined": "2025-12-13T13:40:23.502Z", "groups": [], "user_permissions": []}}, {"model": "auth.user", "pk": 11, "fields": {"password": "pbkdf2_sha256$1000000$ZHd5y57xvoB4OzcunbLXaL$tfbgqEPGgJ4S8f3eV8YylWxpVFmdm2BdEmwuf44WeX0=", "last_login": null, "is_superuser": false, "username": "alexey", "first_name": "", "last_name": "", "email": "", "is_staff": false, "is_active": true, "date_joined": "2025-12-14T16:16:50.599Z", "groups": [], "user_permissions": []}}, {"model": "auth.user", "pk": 12, "fields": {"password": "pbkdf2_sha256$1000000$AZTymQDkH2ucPMCKbduUoY$WMBaAjsFb7gPchoAdTIhyuv9FvsbwtT/NHZVVbeAN3M=", "last_login": null, "is_superuser": false, "username": "nazgul", "first_name": "", "last_name": "", "email": "", "is_staff": false, "is_active": true, "date_joined": "2025-12-14T16:35:34.746Z", "groups": [], "user_permissions": []}}, {"model": "auth.user", "pk": 13, "fields": {"password": "!5LEpNpeUuYhgRwVqdwup3iIOlKahtq7SMBmSbvW8", "last_login": null, "is_superuser": false, "username": "('Geeks',)", "first_name": "", "last_name": "", "email": "", "is_staff": false, "is_active": false, "date_joined": "2025-12-16T12:20:14.874Z", "groups": [], "user_permissions": []}}, {"model": "auth.user", "pk": 14, "fields": {"password": "!ztPFVIcEC1uLRwUMHxmDg7db4SeYCmqO6qLIxN5k", "last_login": null, "is_superuser": false, "username": "Geeks", "first_name": "", "last_name": "", "email": "", "is_staff": false, "is_active": false, "date_joined": "2025-12-16T12:25:42.745Z", "groups": [], "user_permissions": []}}, {"model": "auth.user", "pk": 15, "fields": {"password": "pbkdf2_sha256$1000000$lGWXocWRtCQ4zlTAiFZFTB$XtvHKId4fKhUVH8jrnH2sAHlOSd8LdiYROSEGU26tjE=", "last_login": null, "is_superuser": false, "username": "Geek", "first_name": "", "last_name": "", "email": "", "is_staff": false, "is_active": false, "date_joined": "2025-12-16T12:26:39.474Z", "groups": [], "user_permissions": []}}, {"model": "auth.user", "pk": 16, "fields": {"password": "pbkdf2_sha256$1000000$lljnos6OVYukhgEZ0Zvg6A$Dhtp7tGjCMk0vrgoiJ9TdIngtSGXmZD8tMUgnvEVSY0=", "last_login": null, "is_superuser": false, "username": "Geekss", "first_name": "", "last_name": "", "email": "", "is_staff": false, "is_active": true, "date_joined": "2025-12-16T12:27:37.648Z", "groups": [], "user_permissions": []}}, {"model": "auth.user", "pk": 17, "fields": {"password": "pbkdf2_sha256$1000000$oj9wuPM3HAfur1DtsAGzte$lPx0wiv5Qr2q1GoAT/JHjgFr28gKbzSj2pbjU2u6uHk=", "last_login": null, "is_superuser": false, "username": "Geekssp", "first_name": "", "last_name": "", "email": "", "is_staff": false, "is_active": false, "date_joined": "2025-12-16T12:30:18.033Z", "groups": [], "user_permissions": []}}, {"model": "auth.user", "pk": 18, "fields": {"password": "pbkdf2_sha256$1000000$AuVdq7ACUWmiykzm6Avd4Z$t1ujvunkTUwyG1/RBIfkEmdjDGy6rqJAYDGeDn91yo4=", "last_login": null, "is_superuser": false, "username": "Geekssps", "first_name": "", "last_name": "", "email": "", "is_staff": false, "is_active": true, "date_joined": "2025-12-16T12:47:33.150Z", "groups": [], "user_permissions": []}}, {"model": "auth.user", "pk": 19, "fields": {"password": "pbkdf2_sha256$1000000$YgecNNHcmx8b7QYdv8h6MF$VN/gVv/FgA2Vvih1dSmhQ4lQK9Qy0to6vRTjpEVkZDQ=", "last_login": null, "is_superuser": false, "username": "userski", "first_name": "", "last_name": "", "email": "", "is_staff": false, "is_active": true, "date_joined": "2025-12-17T18:00:48.775Z", "groups": [], "user_permissions": []}}, {"model": "sessions.session", "pk": "azx8m8corwk236dewe3yqliaaayf2d2m", "fields": {"session_data": ".eJxVjEEOgjAURO_StWloBdq6dO8Zmv87vxY1kFBYGe8uJCx0-96beatI61LiWmWOA9RFWXX6ZUzpKeMu8KDxPuk0jcs8sN4TfdiqbxPkdT3av4NCtWxrkkyhhwiM5d6G4AJJgnQ5N4bBxtu2pQ2fPTGcaTpwcFmABO8kq88XIQ85nQ:1vPjiz:z3zMLn2NX78keYYR18dxfSXbPSea6J3q3U1Fdx-hdIw", "expire_date": "2025-12-14T15:52:33.039Z"}}, {"model": "sessions.session", "pk": "d3868i2cqqlr7suilvgza4dzlyb04c7k", "fields": {"session_data": ".eJxVjEsOwjAMBe-SNYqaJnFrluw5Q2XHMSmgVOpnhbg7VOoCtm9m3ssMtK1l2JY8D6OYs3Hm9LsxpUeuO5A71dtk01TXeWS7K_agi71Okp-Xw_07KLSUbw0xQQO9BmQnCbz6FqOQaNcmZKTOY-gINGGvQE3QHhSjkyiByXs27w_kfDgj:1vOU98:qnMLTqDakeqHJTRK0ECLKnpkPILSrFqMn5rHnBrCefc", "expire_date": "2025-12-11T05:02:22.160Z"}}, {"model": "sessions.session", "pk": "pvvybvycittwe9nvhx7otcz4jrk9zqyl", "fields": {"session_data": ".eJxVjEEOgjAURO_StWloBdq6dO8Zmv87vxY1kFBYGe8uJCx0-96beatI61LiWmWOA9RFWXX6ZUzpKeMu8KDxPuk0jcs8sN4TfdiqbxPkdT3av4NCtWxrkkyhhwiM5d6G4AJJgnQ5N4bBxtu2pQ2fPTGcaTpwcFmABO8kq88XIQ85nQ:1vSfcU:UtPaIaAjLIpO8Dvd3QYxXqdtIaWBuWi4BjLjDRDiF_4", "expire_date": "2025-12-22T18:05:58.447Z"}}, {"model": "product.category", "pk": 1, "fields": {"name": "fruit"}}, {"model": "product.category", "pk": 3, "fields": {"name": "snack"}}, {"model": "product.category", "pk": 4, "fields": {"name": "This field is required."}}, {"model": "product.category", "pk": 5, "fields": {"name": "milk products"}}, {"model": "product.product", "pk": 4, "fields": {"title": "pineapple", "description": "its tasteful", "price": 234, "category": 5}}, {"model": "product.product", "pk": 6, "fields": {"title": "a", "description": "", "price": 3, "category": 3}}, {"model": "product.product", "pk": 8, "fields": {"title": "grapes", "description": "its tasteful", "price": 255, "category": 1}}, {"model": "product.product", "pk": 9, "fields": {"title": "Apple", "description": "its green", "price": 78, "category": 3}}, {"model": "product.product", "pk": 11, "fields": {"title": "pear", "description": "its tasteful", "price": 255, "category": 1}}, {"model": "product.review", "pk": 9, "fields": {"text": "it was not so delicious as i excpected", "stars": 3, "product": 8}}, {"model": "product.review", "pk": 10, "fields": {"text": "it was not so delicious as i excpected", "stars": 8, "product": 6}}, {"model": "product.review", "pk": 11, "fields": {"text": "9090", "stars": 8, "product": 6}}, {"model": "product.review", "pk": 12, "fields": {"text": "it was horrible", "stars": 10, "product": 6}}, {"model": "product.review", "pk": 13, "fields": {"text": null, "stars": 10, "product": null}}, {"model": "product.review", "pk": 14, "fields": {"text": null, "stars": 10, "product": null}}, {"model": "product.review", "pk": 15, "fields": {"text": null, "stars": 10, "product": 9}}, {"model": "product.review", "pk": 16, "fields": {"text": null, "stars": 7, "product": 9}}, {"model": "product.review", "pk": 17, "fields": {"text": null, "stars": 3, "product": 9}}, {"model": "product.review", "pk": 18, "fields": {"text": null, "stars": 8, "product": 9}}, {"model": "users.confirmcode", "pk": 3, "fields": {"user": 9, "code": "682468"}}, {"model": "users.confirmcode", "pk": 4, "fields": {"user": 10, "code": "787936"}}, {"model": "users.confirmcode", "pk": 5, "fields": {"user": 11, "code": "920725"}}, {"model": "users.confirmcode", "pk": 6, "fields": {"user": 12, "code": "410638"}}, {"model": "users.confirmcode", "pk": 7, "fields": {"user": 13, "code": "636555"}}, {"model": "users.confirmcode", "pk": 8, "fields": {"user": 14, "code": "118247"}}, {"model": "users.confirmcode", "pk": 9, "fields": {"user": 15, "code": "780395"}}, {"model": "users.confirmcode", "pk": 10, "fields": {"user": 16, "code": "224219"}}, {"model": "users.confirmcode", "pk": 11, "fields": {"user": 17, "code": "370385"}}, {"model": "users.confirmcode", "pk": 12, "fields": {"user": 18, "code": "878128"}}, {"model": "users.confirmcode", "pk": 13, "fields": {"user": 19, "code": "709223"}}, {"model": "authtoken.token", "pk": "2ee9738c6845ef8c99472a16732c35eecd880c32", "fields": {"user": 2, "created": "2025-12-13T04:37:24.170Z"}}, {"model": "authtoken.token", "pk": "85d2aaf2cf77511fea5e43820a4699acc7f25462", "fields": {"user": 18, "created": "2025-12-16T12:52:52.222Z"}}, {"model": "authtoken.token", "pk": "98701f587d7381de3824ac1eb4e04596b517d098", "fields": {"user": 19, "created": "2025-12-17T18:02:40.359Z"}}, {"model": "authtoken.token", "pk": "c5bb37aa42e8c2cbd443fae028f83167e8bcc4f2", "fields": {"user": 16, "created": "2025-12-16T12:55:29.103Z"}}]